modification	D_melanogaster_URL	start_build	end_build	liftover_URL	liftover_path
replication_timing	https://ftp.ncbi.nlm.nih.gov/geo/samples/GSM336nnn/GSM336376/suppl/GSM336376%5FS2%5Freplication%5Ftiming.txt.gz	BDGP5	BDGP6	https://hgdownload.cse.ucsc.edu/goldenPath/dm3/liftOver/dm3ToDm6.over.chain.gz	dm3ToDm6.over.chain
H4Ac	https://ftp.ncbi.nlm.nih.gov/geo/series/GSE20nnn/GSE20759/suppl/GSE20759%5Frepset.3211344.smoothedM.bedgraph.gz	BDGP5	BDGP6	https://hgdownload.cse.ucsc.edu/goldenPath/dm3/liftOver/dm3ToDm6.over.chain.gz	dm3ToDm6.over.chain
H2B-ubiq	https://ftp.ncbi.nlm.nih.gov/geo/series/GSE20nnn/GSE20773/suppl/GSE20773%5Frepset.4162649.smoothedM.bedgraph.gz	BDGP5	BDGP6	https://hgdownload.cse.ucsc.edu/goldenPath/dm3/liftOver/dm3ToDm6.over.chain.gz	dm3ToDm6.over.chain
H3K18ac	https://ftp.ncbi.nlm.nih.gov/geo/series/GSE20nnn/GSE20775/suppl/GSE20775%5Frepset.3506196.smoothedM.bedgraph.gz	BDGP5	BDGP6	https://hgdownload.cse.ucsc.edu/goldenPath/dm3/liftOver/dm3ToDm6.over.chain.gz	dm3ToDm6.over.chain
H3K23ac	https://ftp.ncbi.nlm.nih.gov/geo/series/GSE20nnn/GSE20777/suppl/GSE20777%5Frepset.3506195.smoothedM.bedgraph.gz	BDGP5	BDGP6	https://hgdownload.cse.ucsc.edu/goldenPath/dm3/liftOver/dm3ToDm6.over.chain.gz	dm3ToDm6.over.chain
H3K27Ac	https://ftp.ncbi.nlm.nih.gov/geo/series/GSE20nnn/GSE20779/suppl/GSE20779%5Frepset.3211339.smoothedM.bedgraph.gz	BDGP5	BDGP6	https://hgdownload.cse.ucsc.edu/goldenPath/dm3/liftOver/dm3ToDm6.over.chain.gz	dm3ToDm6.over.chain
H3K27me3	https://ftp.ncbi.nlm.nih.gov/geo/series/GSE20nnn/GSE20781/suppl/GSE20781%5Frepset.4621697.smoothedM.bedgraph.gz	BDGP5	BDGP6	https://hgdownload.cse.ucsc.edu/goldenPath/dm3/liftOver/dm3ToDm6.over.chain.gz	dm3ToDm6.over.chain
H3K36me3	https://ftp.ncbi.nlm.nih.gov/geo/series/GSE20nnn/GSE20785/suppl/GSE20785%5Frepset.3211313.smoothedM.bedgraph.gz	BDGP5	BDGP6	https://hgdownload.cse.ucsc.edu/goldenPath/dm3/liftOver/dm3ToDm6.over.chain.gz	dm3ToDm6.over.chain
H3K4me1	https://ftp.ncbi.nlm.nih.gov/geo/series/GSE20nnn/GSE20786/suppl/GSE20786%5Frepset.3211335.smoothedM.bedgraph.gz	BDGP5	BDGP6	https://hgdownload.cse.ucsc.edu/goldenPath/dm3/liftOver/dm3ToDm6.over.chain.gz	dm3ToDm6.over.chain
H3K4Me3	https://ftp.ncbi.nlm.nih.gov/geo/series/GSE20nnn/GSE20787/suppl/GSE20787%5Frepset.3211336.smoothedM.bedgraph.gz	BDGP5	BDGP6	https://hgdownload.cse.ucsc.edu/goldenPath/dm3/liftOver/dm3ToDm6.over.chain.gz	dm3ToDm6.over.chain
H3K79Me2	https://www.ncbi.nlm.nih.gov/geo/query/acc.cgi?acc=GSE20789	BDGP5	BDGP6	https://hgdownload.cse.ucsc.edu/goldenPath/dm3/liftOver/dm3ToDm6.over.chain.gz	dm3ToDm6.over.chain
H3K9ac	https://ftp.ncbi.nlm.nih.gov/geo/series/GSE20nnn/GSE20790/suppl/GSE20790%5Frepset.3506200.smoothedM.bedgraph.gz	BDGP5	BDGP6	https://hgdownload.cse.ucsc.edu/goldenPath/dm3/liftOver/dm3ToDm6.over.chain.gz	dm3ToDm6.over.chain
H3K9me2	https://ftp.ncbi.nlm.nih.gov/geo/series/GSE20nnn/GSE20792/suppl/GSE20792%5Frepset.3506197.smoothedM.bedgraph.gz	BDGP5	BDGP6	https://hgdownload.cse.ucsc.edu/goldenPath/dm3/liftOver/dm3ToDm6.over.chain.gz	dm3ToDm6.over.chain
H3K9me3	https://ftp.ncbi.nlm.nih.gov/geo/series/GSE20nnn/GSE20794/suppl/GSE20794%5Frepset.3506194.smoothedM.bedgraph.gz	BDGP5	BDGP6	https://hgdownload.cse.ucsc.edu/goldenPath/dm3/liftOver/dm3ToDm6.over.chain.gz	dm3ToDm6.over.chain
H4K16ac-L	https://ftp.ncbi.nlm.nih.gov/geo/series/GSE20nnn/GSE20798/suppl/GSE20798%5Frepset.3833937.smoothedM.bedgraph.gz	BDGP5	BDGP6	https://hgdownload.cse.ucsc.edu/goldenPath/dm3/liftOver/dm3ToDm6.over.chain.gz	dm3ToDm6.over.chain
H4K16ac-M	https://ftp.ncbi.nlm.nih.gov/geo/series/GSE20nnn/GSE20799/suppl/GSE20799%5Frepset.3833941.smoothedM.bedgraph.gz	BDGP5	BDGP6	https://hgdownload.cse.ucsc.edu/goldenPath/dm3/liftOver/dm3ToDm6.over.chain.gz	dm3ToDm6.over.chain
H4K5ac	https://ftp.ncbi.nlm.nih.gov/geo/series/GSE20nnn/GSE20800/suppl/GSE20800%5Frepset.3211333.smoothedM.bedgraph.gz	BDGP5	BDGP6	https://hgdownload.cse.ucsc.edu/goldenPath/dm3/liftOver/dm3ToDm6.over.chain.gz	dm3ToDm6.over.chain
H4K8ac	https://ftp.ncbi.nlm.nih.gov/geo/series/GSE20nnn/GSE20801/suppl/GSE20801%5Frepset.3833940.smoothedM.bedgraph.gz	BDGP5	BDGP6	https://hgdownload.cse.ucsc.edu/goldenPath/dm3/liftOver/dm3ToDm6.over.chain.gz	dm3ToDm6.over.chain
Pc	https://ftp.ncbi.nlm.nih.gov/geo/series/GSE20nnn/GSE20804/suppl/GSE20804%5Frepset.3211340.smoothedM.bedgraph.gz	BDGP5	BDGP6	https://hgdownload.cse.ucsc.edu/goldenPath/dm3/liftOver/dm3ToDm6.over.chain.gz	dm3ToDm6.over.chain
RNApolII-ALG	https://ftp.ncbi.nlm.nih.gov/geo/series/GSE20nnn/GSE20807/suppl/GSE20807%5Frepset.4162648.smoothedM.bedgraph.gz	BDGP5	BDGP6	https://hgdownload.cse.ucsc.edu/goldenPath/dm3/liftOver/dm3ToDm6.over.chain.gz	dm3ToDm6.over.chain
HP1b	https://ftp.ncbi.nlm.nih.gov/geo/series/GSE20nnn/GSE20823/suppl/GSE20823%5Frepset.5014217.smoothedM.bedgraph.gz	BDGP5	BDGP6	https://hgdownload.cse.ucsc.edu/goldenPath/dm3/liftOver/dm3ToDm6.over.chain.gz	dm3ToDm6.over.chain
HP1c	https://ftp.ncbi.nlm.nih.gov/geo/series/GSE20nnn/GSE20825/suppl/GSE20825%5Frepset.5013686.smoothedM.bedgraph.gz	BDGP5	BDGP6	https://hgdownload.cse.ucsc.edu/goldenPath/dm3/liftOver/dm3ToDm6.over.chain.gz	dm3ToDm6.over.chain
HP2	https://ftp.ncbi.nlm.nih.gov/geo/series/GSE20nnn/GSE20826/suppl/GSE20826%5Frepset.4623897.smoothedM.bedgraph.gz	BDGP5	BDGP6	https://hgdownload.cse.ucsc.edu/goldenPath/dm3/liftOver/dm3ToDm6.over.chain.gz	dm3ToDm6.over.chain
MBD-R2	https://ftp.ncbi.nlm.nih.gov/geo/series/GSE20nnn/GSE20828/suppl/GSE20828%5Frepset.5013879.smoothedM.bedgraph.gz	BDGP5	BDGP6	https://hgdownload.cse.ucsc.edu/goldenPath/dm3/liftOver/dm3ToDm6.over.chain.gz	dm3ToDm6.over.chain
H3K79Me	https://ftp.ncbi.nlm.nih.gov/geo/series/GSE20nnn/GSE20836/suppl/GSE20836%5Frepset.4161604.smoothedM.bedgraph.gz	BDGP5	BDGP6	https://hgdownload.cse.ucsc.edu/goldenPath/dm3/liftOver/dm3ToDm6.over.chain.gz	dm3ToDm6.over.chain
H3K4me2	https://ftp.ncbi.nlm.nih.gov/geo/series/GSE20nnn/GSE20838/suppl/GSE20838%5Frepset.7766223.smoothedM.bedgraph.gz	BDGP5	BDGP6	https://hgdownload.cse.ucsc.edu/goldenPath/dm3/liftOver/dm3ToDm6.over.chain.gz	dm3ToDm6.over.chain
H3K79me1	https://ftp.ncbi.nlm.nih.gov/geo/series/GSE23nnn/GSE23473/suppl/GSE23473%5Frepset.4161604.smoothedM.bedgraph.gz	BDGP5	BDGP6	https://hgdownload.cse.ucsc.edu/goldenPath/dm3/liftOver/dm3ToDm6.over.chain.gz	dm3ToDm6.over.chain
H3K9acS10P	https://ftp.ncbi.nlm.nih.gov/geo/series/GSE23nnn/GSE23475/suppl/GSE23475%5Frepset.7766214.smoothedM.bedgraph.gz	BDGP5	BDGP6	https://hgdownload.cse.ucsc.edu/goldenPath/dm3/liftOver/dm3ToDm6.over.chain.gz	dm3ToDm6.over.chain
HP1a	https://ftp.ncbi.nlm.nih.gov/geo/series/GSE23nnn/GSE23483/suppl/GSE23483%5Frepset.4621227.smoothedM.bedgraph.gz	BDGP5	BDGP6	https://hgdownload.cse.ucsc.edu/goldenPath/dm3/liftOver/dm3ToDm6.over.chain.gz	dm3ToDm6.over.chain
H3K36me1	https://ftp.ncbi.nlm.nih.gov/geo/series/GSE25nnn/GSE25374/suppl/GSE25374%5Frepset.3211342.smoothedM.bedgraph.gz	BDGP5	BDGP6	https://hgdownload.cse.ucsc.edu/goldenPath/dm3/liftOver/dm3ToDm6.over.chain.gz	dm3ToDm6.over.chain
H2AV	https://ftp.ncbi.nlm.nih.gov/geo/series/GSE27nnn/GSE27731/suppl/GSE27731%5Frepset.9699867.smoothedM.bedgraph.gz	BDGP5	BDGP6	https://hgdownload.cse.ucsc.edu/goldenPath/dm3/liftOver/dm3ToDm6.over.chain.gz	dm3ToDm6.over.chain
H3K9me2-Ab2	https://ftp.ncbi.nlm.nih.gov/geo/series/GSE27nnn/GSE27741/suppl/GSE27741%5Frepset.9274430.smoothedM.bedgraph.gz	BDGP5	BDGP6	https://hgdownload.cse.ucsc.edu/goldenPath/dm3/liftOver/dm3ToDm6.over.chain.gz	dm3ToDm6.over.chain
H4K20me	https://ftp.ncbi.nlm.nih.gov/geo/series/GSE27nnn/GSE27743/suppl/GSE27743%5Frepset.3211356.smoothedM.bedgraph.gz	BDGP5	BDGP6	https://hgdownload.cse.ucsc.edu/goldenPath/dm3/liftOver/dm3ToDm6.over.chain.gz	dm3ToDm6.over.chain
HP1b-Q4114	https://ftp.ncbi.nlm.nih.gov/geo/series/GSE27nnn/GSE27746/suppl/GSE27746%5Frepset.9699868.smoothedM.bedgraph.gz	BDGP5	BDGP6	https://hgdownload.cse.ucsc.edu/goldenPath/dm3/liftOver/dm3ToDm6.over.chain.gz	dm3ToDm6.over.chain
H3K27me2-TJ	https://ftp.ncbi.nlm.nih.gov/geo/series/GSE27nnn/GSE27790/suppl/GSE27790%5Frepset.9273385.smoothedM.bedgraph.gz	BDGP5	BDGP6	https://hgdownload.cse.ucsc.edu/goldenPath/dm3/liftOver/dm3ToDm6.over.chain.gz	dm3ToDm6.over.chain
HP1	https://ftp.ncbi.nlm.nih.gov/geo/series/GSE32nnn/GSE32728/suppl/GSE32728%5Frepset.4162650.smoothedM.bedgraph.gz	BDGP5	BDGP6	https://hgdownload.cse.ucsc.edu/goldenPath/dm3/liftOver/dm3ToDm6.over.chain.gz	dm3ToDm6.over.chain
CTCF	https://ftp.ncbi.nlm.nih.gov/geo/series/GSE32nnn/GSE32750/suppl/GSE32750%5Frepset.4162228.smoothedM.bedgraph.gz	BDGP5	BDGP6	https://hgdownload.cse.ucsc.edu/goldenPath/dm3/liftOver/dm3ToDm6.over.chain.gz	dm3ToDm6.over.chain
H2BK5ac	https://ftp.ncbi.nlm.nih.gov/geo/series/GSE32nnn/GSE32752/suppl/GSE32752%5Frepset.3833936.smoothedM.bedgraph.gz	BDGP5	BDGP6	https://hgdownload.cse.ucsc.edu/goldenPath/dm3/liftOver/dm3ToDm6.over.chain.gz	dm3ToDm6.over.chain
HP1c-Q4064	https://ftp.ncbi.nlm.nih.gov/geo/series/GSE32nnn/GSE32760/suppl/GSE32760%5Frepset.9704082.smoothedM.bedgraph.gz	BDGP5	BDGP6	https://hgdownload.cse.ucsc.edu/goldenPath/dm3/liftOver/dm3ToDm6.over.chain.gz	dm3ToDm6.over.chain
RNAPolII-abcam	https://ftp.ncbi.nlm.nih.gov/geo/series/GSE32nnn/GSE32764/suppl/GSE32764%5Frepset.9702780.smoothedM.bedgraph.gz	BDGP5	BDGP6	https://hgdownload.cse.ucsc.edu/goldenPath/dm3/liftOver/dm3ToDm6.over.chain.gz	dm3ToDm6.over.chain
H1	https://ftp.ncbi.nlm.nih.gov/geo/series/GSE32nnn/GSE32768/suppl/GSE32768%5Frepset.4162651.smoothedM.bedgraph.gz	BDGP5	BDGP6	https://hgdownload.cse.ucsc.edu/goldenPath/dm3/liftOver/dm3ToDm6.over.chain.gz	dm3ToDm6.over.chain
H4	https://ftp.ncbi.nlm.nih.gov/geo/series/GSE32nnn/GSE32771/suppl/GSE32771%5Frepset.4620571.smoothedM.bedgraph.gz	BDGP5	BDGP6	https://hgdownload.cse.ucsc.edu/goldenPath/dm3/liftOver/dm3ToDm6.over.chain.gz	dm3ToDm6.over.chain
H3K9me1	https://ftp.ncbi.nlm.nih.gov/geo/series/GSE32nnn/GSE32833/suppl/GSE32833%5Frepset.3506201.smoothedM.bedgraph.gz	BDGP5	BDGP6	https://hgdownload.cse.ucsc.edu/goldenPath/dm3/liftOver/dm3ToDm6.over.chain.gz	dm3ToDm6.over.chain
H3	https://ftp.ncbi.nlm.nih.gov/geo/series/GSE44nnn/GSE44465/suppl/GSE44465%5Frepset.3506199.smoothedM.bedgraph.gz	BDGP5	BDGP6	https://hgdownload.cse.ucsc.edu/goldenPath/dm3/liftOver/dm3ToDm6.over.chain.gz	dm3ToDm6.over.chain
